{
    "light": [
        2200.509548187256,
        1197.7789402008057,
        196.36154174804688,
        1.9431114196777344,
        5.503416061401367,
        0.6697177886962891,
        0.5905628204345703,
        2.166271209716797,
        1.714944839477539,
        0.5133152008056641,
        0.7071495056152344,
        1.5704631805419922,
        1.91497802734375,
        0.9458065032958984,
        0.6566047668457031,
        0.873565673828125,
        0.640869140625
    ],
    "airquality": [
        2200.267553329468,
        1197.6888179779053,
        196.27857208251953,
        1.4164447784423828,
        5.425214767456055,
        0.6716251373291016,
        0.7386207580566406,
        2.274036407470703,
        0.9949207305908203,
        0.4799365997314453,
        0.6265640258789062,
        1.538991928100586,
        1.9826889038085938,
        0.9291172027587891,
        0.5156993865966797,
        0.8242130279541016,
        0.7445812225341797
    ],
    "weather": [
        2200.260639190674,
        1197.7589130401611,
        196.26641273498535,
        0.5342960357666016,
        7.782459259033203,
        0.6899833679199219,
        0.7724761962890625,
        2.3241043090820312,
        1.092672348022461,
        0.5369186401367188,
        0.6806850433349609,
        1.514434814453125,
        2.0265579223632812,
        0.9827613830566406,
        0.5333423614501953,
        0.8366107940673828
    ]
}