{
    "sound": [
        0.7760524749755859,
        0.6756782531738281,
        1.4812946319580078,
        0.47016143798828125,
        0.6566047668457031,
        0.5524158477783203,
        0.49996376037597656,
        2.367734909057617,
        1.0042190551757812,
        1.2443065643310547,
        1.3010501861572266,
        1.3551712036132812,
        0.9751319885253906,
        0.5886554718017578,
        0.7088184356689453,
        0.5249977111816406,
        0.5943775177001953,
        0.5400180816650391,
        0.7653236389160156,
        0.43272972106933594,
        0.5028247833251953,
        0.4374980926513672,
        0.9829998016357422,
        0.8625984191894531,
        0.4839897155761719
    ],
    "light": [
        0.6077289581298828,
        0.5242824554443359,
        1.7910003662109375,
        0.3905296325683594,
        0.5428791046142578,
        1.8737316131591797,
        0.431060791015625,
        1.766204833984375,
        0.7507801055908203,
        0.9834766387939453,
        1.0561943054199219,
        1.1272430419921875,
        0.7870197296142578,
        0.5116462707519531,
        0.6773471832275391,
        0.44846534729003906,
        0.3771781921386719,
        0.5180835723876953,
        0.5862712860107422,
        0.3528594970703125,
        0.4711151123046875,
        0.36525726318359375,
        0.7224082946777344,
        0.7748603820800781,
        0.4208087921142578
    ]
}