{
    "location": [
        1.3804435729980469,
        3.309488296508789,
        3.2176971435546875,
        1.7006397247314453,
        2.691030502319336,
        2.6955604553222656,
        2.4781227111816406,
        2.7146339416503906,
        1.277923583984375,
        2.4127960205078125,
        1.865386962890625,
        2.6998519897460938,
        2.899646759033203,
        3.918886184692383,
        2.0935535430908203,
        1.3124942779541016,
        2.054929733276367,
        5.542755126953125,
        2.072572708129883,
        2.272367477416992,
        4.239559173583984,
        0.9701251983642578,
        0.690460205078125,
        2.9060840606689453,
        1.2679100036621094
    ],
    "light": [
        1.1692047119140625,
        3.3195018768310547,
        2.5207996368408203,
        1.692056655883789,
        2.4759769439697266,
        1.9865036010742188,
        2.4657249450683594,
        2.5327205657958984,
        1.0731220245361328,
        1.8303394317626953,
        1.7101764678955078,
        1.9078254699707031,
        2.939939498901367,
        4.041433334350586,
        2.0029544830322266,
        1.3089179992675781,
        2.0291805267333984,
        6.197929382324219,
        1.8398761749267578,
        1.9907951354980469,
        4.0073394775390625,
        0.7364749908447266,
        0.6313323974609375,
        2.031564712524414,
        0.9148120880126953
    ]
}