{
    "airquality": [
        1055.1035404205322,
        52.536725997924805,
        0.5958080291748047,
        1.0950565338134766,
        0.6940364837646484,
        0.9870529174804688,
        0.5352497100830078,
        0.6573200225830078,
        0.7586479187011719,
        1.4448165893554688,
        1.332998275756836,
        0.7216930389404297,
        0.5784034729003906,
        0.5757808685302734,
        0.5412101745605469,
        0.6160736083984375,
        0.5581378936767578,
        0.7269382476806641,
        0.637054443359375,
        0.7836818695068359,
        0.6427764892578125,
        0.9005069732666016,
        0.5922317504882812,
        1.7535686492919922,
        0.5812644958496094
    ],
    "altitude": [
        1055.0241470336914,
        52.43253707885742,
        0.5464553833007812,
        0.9641647338867188,
        0.637054443359375,
        0.9181499481201172,
        0.4935264587402344,
        0.5781650543212891,
        0.8141994476318359,
        1.3091564178466797,
        1.3003349304199219,
        0.6670951843261719,
        0.5512237548828125,
        0.5285739898681641,
        0.5049705505371094,
        0.5710124969482422,
        0.5121231079101562,
        0.6642341613769531,
        0.4723072052001953,
        1.089334487915039,
        0.5872249603271484,
        0.9090900421142578,
        1.1258125305175781,
        1.634836196899414,
        0.400543212890625
    ]
}