{
    "altitude": [
        1419.2249774932861,
        418.8427925109863,
        0.2970695495605469,
        0.3025531768798828,
        0.2532005310058594,
        0.28634071350097656,
        0.2989768981933594,
        0.2968311309814453,
        0.2522468566894531,
        0.2682209014892578,
        0.30350685119628906,
        0.22912025451660156,
        0.35262107849121094,
        0.45990943908691406,
        0.4887580871582031,
        0.3669261932373047,
        0.25773048400878906,
        0.39076805114746094,
        0.24461746215820312,
        0.33855438232421875,
        0.2837181091308594,
        0.35881996154785156,
        0.29277801513671875,
        0.3123283386230469,
        0.3008842468261719
    ],
    "temperature": [
        1419.1207885742188,
        418.7448024749756,
        0.2181529998779297,
        0.24652481079101562,
        0.263214111328125,
        0.1990795135498047,
        0.244140625,
        0.19979476928710938,
        0.2040863037109375,
        1.7743110656738281,
        0.25916099548339844,
        0.14162063598632812,
        0.3116130828857422,
        0.41604042053222656,
        0.4978179931640625,
        0.2987384796142578,
        0.2117156982421875,
        0.385284423828125,
        0.1850128173828125,
        0.7047653198242188,
        0.22482872009277344,
        0.32067298889160156,
        0.2396106719970703,
        0.23794174194335938,
        0.263214111328125
    ]
}