{
    "pressure": [
        0.36215782165527344,
        0.5795955657958984,
        0.3521442413330078,
        0.38743019104003906,
        0.33211708068847656,
        0.6282329559326172,
        1.1448860168457031,
        0.3428459167480469,
        1.2333393096923828,
        0.34546852111816406,
        0.3101825714111328,
        0.44155120849609375,
        0.4372596740722656,
        0.4200935363769531,
        0.3209114074707031,
        0.29921531677246094,
        0.30612945556640625
    ],
    "airquality": [
        0.4177093505859375,
        0.6444454193115234,
        0.4413127899169922,
        0.4596710205078125,
        0.3781318664550781,
        0.7305145263671875,
        1.3179779052734375,
        0.41556358337402344,
        1.3158321380615234,
        0.41675567626953125,
        0.3771781921386719,
        0.5359649658203125,
        0.5273818969726562,
        0.49591064453125,
        0.3948211669921875,
        0.36144256591796875,
        0.38695335388183594
    ],
    "temperature": [
        0.4551410675048828,
        0.5939006805419922,
        0.4763603210449219,
        0.4992485046386719,
        0.41866302490234375,
        0.8234977722167969,
        1.5249252319335938,
        0.45561790466308594,
        1.354217529296875,
        0.46181678771972656,
        0.4239082336425781,
        0.6163120269775391,
        0.5946159362792969,
        0.5588531494140625,
        0.43201446533203125,
        0.4012584686279297
    ]
}