{
    "airquality": [
        160.68363189697266,
        15.218973159790039,
        5.661725997924805,
        1.1203289031982422,
        3.3283233642578125,
        1.0745525360107422,
        0.8900165557861328,
        1.0476112365722656,
        1.912832260131836,
        0.9567737579345703,
        1.1425018310546875,
        0.5850791931152344,
        0.5171298980712891,
        0.8285045623779297,
        1.2242794036865234,
        0.7746219635009766,
        7.553815841674805
    ],
    "light": [
        160.34531593322754,
        14.847755432128906,
        5.45501708984375,
        1.0693073272705078,
        3.30352783203125,
        0.5407333374023438,
        0.8323192596435547,
        0.9751319885253906,
        1.7857551574707031,
        0.8940696716308594,
        2.4271011352539062,
        0.48351287841796875,
        0.5686283111572266,
        0.6928443908691406,
        1.012563705444336,
        0.8497238159179688,
        7.609128952026367
    ],
    "temperature": [
        160.27164459228516,
        14.846324920654297,
        5.440711975097656,
        1.1763572692871094,
        3.345966339111328,
        0.8356571197509766,
        0.7801055908203125,
        0.9808540344238281,
        1.8990039825439453,
        0.9207725524902344,
        2.256631851196289,
        0.4990100860595703,
        2.1719932556152344,
        0.6976127624511719,
        1.0097026824951172,
        0.8599758148193359
    ]
}